instance_seed,method,distance,valid,vehicles_used,latency_ms,improvement_pct_vs_nearest_neighbor
42200000000,nearest_neighbor,5.3080604263687645,True,3,0.3922000032616779,0.0
42200000000,nearest_neighbor_2opt,5.137975157894376,True,3,0.6889999931445345,3.2042828229584384
42200000000,initial_policy,4.578978135707613,True,3,43.225699992035516,13.735380385635796
42200000000,gnn_reinforce,4.57380267601075,True,3,45.172700003604405,13.832882284279474
42200000000,gnn_reinforce_2opt,4.532268145954911,True,3,45.39810000278521,14.615362639052927
42200000001,nearest_neighbor,5.609224320100477,True,3,0.3755999932764098,0.0
42200000001,nearest_neighbor_2opt,5.432508120667112,True,3,0.5769999988842756,3.1504569856496545
42200000001,initial_policy,4.650571215080487,True,3,46.74920000252314,17.09065372166856
42200000001,gnn_reinforce,4.281034495527254,True,4,46.97159999341238,23.678671929979643
42200000001,gnn_reinforce_2opt,4.281034495527254,True,4,47.17859998345375,23.678671929979643
42200000002,nearest_neighbor,5.478896454783876,True,3,0.3735999925993383,0.0
42200000002,nearest_neighbor_2opt,5.386153271844559,True,3,0.5643999902531505,1.6927347268689328
42200000002,initial_policy,5.224602216368148,True,3,50.587799996719696,4.641340469095595
42200000002,gnn_reinforce,6.4052969846583,True,5,46.8265999952564,-16.908524143863694
42200000002,gnn_reinforce_2opt,6.310891927113013,True,5,47.04380000475794,-15.18545712983284
42200000003,nearest_neighbor,5.513743956180182,True,3,0.35799999022856355,0.0
42200000003,nearest_neighbor_2opt,5.0775660148426445,True,3,0.5551999784074724,7.910739867574724
42200000003,initial_policy,5.233241405369381,True,3,47.1893999929307,5.087333634642107
42200000003,gnn_reinforce,5.825379944661353,True,4,47.338699994725175,-5.651985129484796
42200000003,gnn_reinforce_2opt,5.564305774719826,True,4,47.60890000034124,-0.9170142636560226
42200000004,nearest_neighbor,4.986822538004542,True,2,0.3623999946285039,0.0
42200000004,nearest_neighbor_2opt,4.986822538004542,True,2,0.534699996933341,0.0
42200000004,initial_policy,4.638032090834102,True,2,46.83919998933561,6.994242215605441
42200000004,gnn_reinforce,4.843958768449994,True,3,44.29570000502281,2.8648256172298976
42200000004,gnn_reinforce_2opt,4.738692089362905,True,3,44.4982000044547,4.975722451533754
42200000005,nearest_neighbor,4.733517174143494,True,2,0.36469999758992344,0.0
42200000005,nearest_neighbor_2opt,4.495114465424633,True,2,0.5505000008270144,5.036481329805229
42200000005,initial_policy,4.733517174143494,True,2,45.27790000429377,0.0
42200000005,gnn_reinforce,4.718894624322576,True,3,44.91680000501219,0.3089151107509097
42200000005,gnn_reinforce_2opt,4.713941123675807,True,3,45.163000002503395,0.4135624684034195
42200000006,nearest_neighbor,5.546964461951385,True,3,0.408500010962598,0.0
42200000006,nearest_neighbor_2opt,5.09942613702755,True,3,0.82230000407435,8.068166435780505
42200000006,initial_policy,5.546964461951385,True,3,46.92349999095313,0.0
42200000006,gnn_reinforce,4.857673479292185,True,3,45.9300000075018,12.426453917044064
42200000006,gnn_reinforce_2opt,4.857673479292185,True,3,46.12160001124721,12.426453917044064
42200000007,nearest_neighbor,5.524978431167819,True,3,0.3687999997055158,0.0
42200000007,nearest_neighbor_2opt,4.856634892935553,True,3,0.5755000020144507,12.096762848194462
42200000007,initial_policy,4.888458633066278,True,3,47.51439999381546,11.520765303096388
42200000007,gnn_reinforce,4.715978118799467,True,4,45.76720000477508,14.642596753040225
42200000007,gnn_reinforce_2opt,4.5653696195608315,True,4,45.975500004715286,17.368553082372014
42200000008,nearest_neighbor,6.312315366333965,True,3,0.32410000858362764,0.0
42200000008,nearest_neighbor_2opt,6.076636824880612,True,3,0.5212000105530024,3.7336306533465966
42200000008,initial_policy,6.3123994165761275,True,4,44.33410000638105,-0.0013315279304785392
42200000008,gnn_reinforce,5.706373167651998,True,4,48.172800001339056,9.59936510640283
42200000008,gnn_reinforce_2opt,5.696725659964286,True,4,48.383100001956336,9.752201381649254
42200000009,nearest_neighbor,5.284934301727002,True,3,0.3527999942889437,0.0
42200000009,nearest_neighbor_2opt,5.244380368729916,True,3,0.5541999998968095,0.7673498038345288
42200000009,initial_policy,5.284934301727002,True,3,47.23720000765752,0.0
42200000009,gnn_reinforce,5.288647702750324,True,4,52.86080000223592,-0.07026390133379817
42200000009,gnn_reinforce_2opt,5.288647702750324,True,4,53.06109999946784,-0.07026390133379817
42200000010,nearest_neighbor,4.832979356434277,True,3,0.34699999378062785,0.0
42200000010,nearest_neighbor_2opt,4.5308002097841324,True,3,0.5452999903354794,6.252440251950278
42200000010,initial_policy,4.869310995979618,True,3,51.10969999805093,-0.7517441492269648
42200000010,gnn_reinforce,4.381163491446166,True,3,44.24990000552498,9.34859910764145
42200000010,gnn_reinforce_2opt,4.333210321151811,True,3,44.44779999903403,10.340806331339062
42200000011,nearest_neighbor,5.60942347711915,True,3,0.36439999530557543,0.0
42200000011,nearest_neighbor_2opt,5.556551460960323,True,3,0.5572999943979084,0.9425570448459104
42200000011,initial_policy,5.60942347711915,True,3,43.068099999800324,0.0
42200000011,gnn_reinforce,5.52611950388199,True,5,43.934699991950765,1.4850719254297198
42200000011,gnn_reinforce_2opt,5.3567017742255185,True,5,44.165099985548295,4.5053061856442795
42200000012,nearest_neighbor,4.674184579280972,True,2,0.35620000562630594,0.0
42200000012,nearest_neighbor_2opt,4.361838483043194,True,2,0.5652999971061945,6.682365468028342
42200000012,initial_policy,4.537695160406526,True,3,51.09959999390412,2.920069084979148
42200000012,gnn_reinforce,3.753686656121327,True,2,63.06679999397602,19.693230071398776
42200000012,gnn_reinforce_2opt,3.6614261215784563,True,2,63.26729999273084,21.667061720063867
42200000013,nearest_neighbor,6.317968463966468,True,3,0.35409998963586986,0.0
42200000013,nearest_neighbor_2opt,5.880816647238047,True,3,0.6007999909343198,6.919183266292749
42200000013,initial_policy,5.527030875408136,True,3,46.96880000119563,12.518859393954235
42200000013,gnn_reinforce,5.7713696749589465,True,4,43.90439999406226,8.651496001047828
42200000013,gnn_reinforce_2opt,5.487757221065582,True,4,44.142200000351295,13.140477791807044
42200000014,nearest_neighbor,6.330002087145486,True,3,0.3448000061325729,0.0
42200000014,nearest_neighbor_2opt,5.445521751878413,True,3,0.5515000084415078,13.972828493425174
42200000014,initial_policy,6.129313720634785,True,4,42.758899988257326,3.1704312849792573
42200000014,gnn_reinforce,5.056288995289727,True,3,47.97260000486858,20.121843157719074
42200000014,gnn_reinforce_2opt,4.640247577827539,True,3,48.23040000337642,26.694375231714048
42200000015,nearest_neighbor,6.937229102502469,True,3,0.35110001044813544,0.0
42200000015,nearest_neighbor_2opt,6.271972121615699,True,3,0.5377000052249059,9.589664274555844
42200000015,initial_policy,6.226657956903567,True,4,42.75680000137072,10.242866930004908
42200000015,gnn_reinforce,5.267815678583821,True,4,42.330299998866394,24.06455660108501
42200000015,gnn_reinforce_2opt,5.267815678583821,True,4,42.53140000218991,24.06455660108501
42200000016,nearest_neighbor,5.407541297267995,True,3,0.3586999955587089,0.0
42200000016,nearest_neighbor_2opt,5.126177254532303,True,3,0.556200000573881,5.203178806564886
42200000016,initial_policy,5.407541297267995,True,3,42.565799987642094,0.0
42200000016,gnn_reinforce,5.27295233526324,True,4,43.168900010641664,2.4889123282840595
42200000016,gnn_reinforce_2opt,4.962130804864029,True,4,43.377800000598654,8.236839404795617
42200000017,nearest_neighbor,6.663432574452839,True,3,0.3995000006398186,0.0
42200000017,nearest_neighbor_2opt,6.017938119669002,True,3,0.6025999900884926,9.687116175807354
42200000017,initial_policy,5.777439956920191,True,3,43.86020000674762,13.296339501197703
42200000017,gnn_reinforce,5.319535424878749,True,3,43.699200003175065,20.168241136355203
42200000017,gnn_reinforce_2opt,5.0100856880104,True,3,43.91890001716092,24.812240057493227
42200000018,nearest_neighbor,6.100368513413628,True,3,0.34860000596381724,0.0
42200000018,nearest_neighbor_2opt,5.803921932241167,True,3,0.5371000006562099,4.859486447755203
42200000018,initial_policy,6.100368513413628,True,3,43.20039998856373,0.0
42200000018,gnn_reinforce,5.266895262139032,True,4,42.484999998123385,13.662670532803647
42200000018,gnn_reinforce_2opt,5.214956312846122,True,4,42.70199999155011,14.514077282718922
42200000019,nearest_neighbor,4.541970277318454,True,3,0.340899990987964,0.0
42200000019,nearest_neighbor_2opt,4.338104411568923,True,3,0.5466999864438549,4.488489648811423
42200000019,initial_policy,4.541970277318454,True,3,43.091800005640835,0.0
42200000019,gnn_reinforce,3.818172403594253,True,4,42.61170000245329,15.935768609906576
42200000019,gnn_reinforce_2opt,3.7995458628522867,True,4,42.81280000577681,16.345866862530173
42200000020,nearest_neighbor,5.509797865456159,True,3,0.378099997760728,0.0
42200000020,nearest_neighbor_2opt,5.452399509076225,True,3,0.5787999980384484,1.0417506736462026
42200000020,initial_policy,4.850665716471269,True,3,43.88979999930598,11.962909803231408
42200000020,gnn_reinforce,4.629516918480158,True,3,43.3647000027122,15.976646847517731
42200000020,gnn_reinforce_2opt,4.58193139445376,True,3,43.56560000451282,16.84029965635736
42200000021,nearest_neighbor,3.936318102899346,True,2,0.360500009264797,0.0
42200000021,nearest_neighbor_2opt,3.83644503543365,True,2,0.5769999988842756,2.5372204393779305
42200000021,initial_policy,3.5791698265852863,True,2,43.641500000376254,9.073155852190846
42200000021,gnn_reinforce,3.590414887246037,True,5,42.71199999493547,8.787481260686969
42200000021,gnn_reinforce_2opt,3.5379465723346515,True,5,42.93209998286329,10.120409991033721
42200000022,nearest_neighbor,5.097793318582832,True,3,0.38559999666176736,0.0
42200000022,nearest_neighbor_2opt,4.814038280958895,True,3,0.6013999955030158,5.566232679335456
42200000022,initial_policy,4.79324620410272,True,3,43.06460000225343,5.974096936608935
42200000022,gnn_reinforce,4.005594797917713,True,3,42.595200007781386,21.424927461922817
42200000022,gnn_reinforce_2opt,3.9815227764187466,True,3,42.8004000132205,21.89713219825877
42200000023,nearest_neighbor,5.036629115076556,True,3,0.3681999951368198,0.0
42200000023,nearest_neighbor_2opt,5.036629115076556,True,3,0.5470999894896522,0.0
42200000023,initial_policy,6.529429961759525,True,4,42.78570000315085,-29.638887688085777
42200000023,gnn_reinforce,4.873571843943065,True,3,42.29040000063833,3.237428593767174
42200000023,gnn_reinforce_2opt,4.853491585648342,True,3,42.486300008022226,3.636113067766157
42200000024,nearest_neighbor,5.371552383528364,True,3,0.3735000063898042,0.0
42200000024,nearest_neighbor_2opt,5.252573265187868,True,3,0.5688000092050061,2.214985721917939
42200000024,initial_policy,5.371552383528364,True,3,43.23850000218954,0.0
42200000024,gnn_reinforce,4.5507426800562865,True,3,43.86929998872802,15.28067949200413
42200000024,gnn_reinforce_2opt,4.215271446209593,True,3,44.076399979530834,21.526010634550577
42200000025,nearest_neighbor,4.414071532215359,True,3,0.36779999209102243,0.0
42200000025,nearest_neighbor_2opt,4.266192649582421,True,3,0.5610999942291528,3.3501696008700503
42200000025,initial_policy,5.281239474125407,True,3,43.351200001779944,-19.645534413775774
42200000025,gnn_reinforce,3.945916996065252,True,3,43.16180000023451,10.605957169777597
42200000025,gnn_reinforce_2opt,3.8419369278149285,True,3,43.36660000262782,12.961606993108338
42200000026,nearest_neighbor,4.387637826969642,True,3,0.37779999547638,0.0
42200000026,nearest_neighbor_2opt,4.387637826969642,True,3,0.5504000000655651,0.0
42200000026,initial_policy,5.625771879973292,True,4,43.04899999988265,-28.21869310618961
42200000026,gnn_reinforce,4.678709237034704,True,3,43.339199997717515,-6.633897817999561
42200000026,gnn_reinforce_2opt,4.617926927543977,True,3,43.54610000154935,-5.248589552191607
42200000027,nearest_neighbor,4.415741661551374,True,3,0.34610000147949904,0.0
42200000027,nearest_neighbor_2opt,4.129009641290125,True,3,0.5350999999791384,6.493405688966694
42200000027,initial_policy,4.611247626622439,True,3,42.850199999520555,-4.427477421819507
42200000027,gnn_reinforce,4.64870463542114,True,5,42.385200009448454,-5.275738295521559
42200000027,gnn_reinforce_2opt,4.466625748438177,True,5,42.59690000617411,-1.1523338724694678
42200000028,nearest_neighbor,3.888913740499903,True,2,0.35509999725036323,0.0
42200000028,nearest_neighbor_2opt,3.888913740499903,True,2,0.5236999859334901,0.0
42200000028,initial_policy,3.888913740499903,True,2,42.363400003523566,0.0
42200000028,gnn_reinforce,4.445392188029084,True,2,42.17999998945743,-14.309354350905407
42200000028,gnn_reinforce_2opt,4.384368797916058,True,2,42.400699996505864,-12.740191489885465
42200000029,nearest_neighbor,4.818157618259937,True,3,0.37370000791270286,0.0
42200000029,nearest_neighbor_2opt,4.782666758749227,True,3,0.5699000030290335,0.736606444260065
42200000029,initial_policy,5.160927933233329,True,3,43.842099999892525,-7.1141366084487405
42200000029,gnn_reinforce,5.390066345800811,True,4,42.23160000401549,-11.86986339702638
42200000029,gnn_reinforce_2opt,5.230090945740108,True,4,42.45130000344943,-8.549602568397082
42200000030,nearest_neighbor,6.137662981089758,True,3,0.33429999893996865,0.0
42200000030,nearest_neighbor_2opt,5.7648163151253335,True,3,0.5355000030249357,6.07473344680493
42200000030,initial_policy,5.344695034412691,True,3,42.30489999463316,12.919704928736133
42200000030,gnn_reinforce,5.112172668010078,True,4,43.52949999156408,16.70815612129947
42200000030,gnn_reinforce_2opt,4.91962552808024,True,4,43.734499980928376,19.84529709047746
42200000031,nearest_neighbor,5.16962068593029,True,3,0.3467999922577292,0.0
42200000031,nearest_neighbor_2opt,5.132662109174061,True,3,0.5369999853428453,0.714918540480461
42200000031,initial_policy,5.16962068593029,True,3,42.43059999134857,0.0
42200000031,gnn_reinforce,4.981992273518614,True,3,42.75960000813939,3.6294425415452176
42200000031,gnn_reinforce_2opt,4.974467056750738,True,3,42.955600016284734,3.7750086715391764
42200000032,nearest_neighbor,4.7409524504377645,True,3,0.4048999981023371,0.0
42200000032,nearest_neighbor_2opt,4.63688440983471,True,3,0.5948999896645546,2.1950872043326393
42200000032,initial_policy,4.7409524504377645,True,3,43.35670000000391,0.0
42200000032,gnn_reinforce,5.048066637240258,True,4,43.29190000134986,-6.477900590927375
42200000032,gnn_reinforce_2opt,4.732315797067829,True,4,43.52110000036191,0.18217127170591324
42200000033,nearest_neighbor,5.583387549638179,True,3,0.3467999922577292,0.0
42200000033,nearest_neighbor_2opt,5.431985874363342,True,3,0.5471999902511016,2.7116454648513186
42200000033,initial_policy,5.596575289959814,True,4,43.64569998870138,-0.23619604056483587
42200000033,gnn_reinforce,4.949257321904279,True,4,43.56609999376815,11.357446032471698
42200000033,gnn_reinforce_2opt,4.87413487645959,True,4,43.77829999430105,12.702909602335422
42200000034,nearest_neighbor,4.819446419772016,True,3,0.34889999369625,0.0
42200000034,nearest_neighbor_2opt,4.662146684912312,True,3,0.5452999903354794,3.26385483225573
42200000034,initial_policy,4.819446419772016,True,3,43.24569999880623,0.0
42200000034,gnn_reinforce,3.5458849018066734,True,5,43.03440000512637,26.425473115345657
42200000034,gnn_reinforce_2opt,3.5458849018066734,True,5,43.239000005996786,26.425473115345657
42200000035,nearest_neighbor,5.904847428825498,True,3,0.3642999945441261,0.0
42200000035,nearest_neighbor_2opt,5.470651422646955,True,3,0.5793999880552292,7.3532129561712765
42200000035,initial_policy,5.203174220641087,True,3,43.503599998075515,11.883003187501098
42200000035,gnn_reinforce,4.434354141509905,True,3,42.547400007606484,24.90315465454932
42200000035,gnn_reinforce_2opt,4.207800928508931,True,3,42.753100002300926,28.73988736833659
42200000036,nearest_neighbor,5.196184942788015,True,3,0.36550000368151814,0.0
42200000036,nearest_neighbor_2opt,5.003793686248692,True,3,0.566999995498918,3.702548286052654
42200000036,initial_policy,4.419872565810996,True,3,43.54100000637118,14.940045158602235
42200000036,gnn_reinforce,4.830286777200633,True,3,43.53450000053272,7.041669409693098
42200000036,gnn_reinforce_2opt,4.581357514139038,True,3,43.737800006056204,11.832285328918484
42200000037,nearest_neighbor,5.5130628295155715,True,3,0.3943999909097329,0.0
42200000037,nearest_neighbor_2opt,5.342130168186528,True,3,0.5804999964311719,3.100502689973213
42200000037,initial_policy,5.5130628295155715,True,3,44.15449999214616,0.0
42200000037,gnn_reinforce,4.8396453688744865,True,3,48.114200006239116,12.214942609320083
42200000037,gnn_reinforce_2opt,4.634526512440803,True,3,48.32280000846367,15.935539721609974
42200000038,nearest_neighbor,7.548843733788441,True,3,0.3502999898046255,0.0
42200000038,nearest_neighbor_2opt,7.050903431222585,True,3,0.5522999854292721,6.596245996417808
42200000038,initial_policy,6.83733191945162,True,3,43.079900002339855,9.42544102684377
42200000038,gnn_reinforce,6.2154264823509875,True,5,44.02680000930559,17.663860830356185
42200000038,gnn_reinforce_2opt,6.2154264823509875,True,5,44.23339999630116,17.663860830356185
42200000039,nearest_neighbor,7.28998277150184,True,4,0.3732000041054562,0.0
42200000039,nearest_neighbor_2opt,6.709742273176818,True,4,0.5743000074289739,7.959422079751832
42200000039,initial_policy,6.753846946219936,True,4,43.63729999749921,7.354418276237603
42200000039,gnn_reinforce,5.691056294924575,True,4,43.999999994412065,21.933199661703227
42200000039,gnn_reinforce_2opt,5.568288644028103,True,4,44.20399999071378,23.617259209503512
42200000040,nearest_neighbor,5.617828453465403,True,3,0.36499999987427145,0.0
42200000040,nearest_neighbor_2opt,5.583819141627749,True,3,0.5478999955812469,0.6053818146881225
42200000040,initial_policy,5.617828453465403,True,3,43.685899989213794,0.0
42200000040,gnn_reinforce,5.669874373837387,True,4,44.0223000041442,-0.9264419660212068
42200000040,gnn_reinforce_2opt,5.389469798610694,True,4,44.241399999009445,4.064891919471914
42200000041,nearest_neighbor,5.80294580530188,True,3,0.3479000006336719,0.0
42200000041,nearest_neighbor_2opt,5.334698622715154,True,3,0.5486000009113923,8.069128995809518
42200000041,initial_policy,5.80294580530188,True,3,43.63580000062939,0.0
42200000041,gnn_reinforce,5.116165984113513,True,4,43.330500004231,11.835020422918445
42200000041,gnn_reinforce_2opt,5.023318606869192,True,4,43.53429999900982,13.435024633874383
42200000042,nearest_neighbor,5.811457806140378,True,3,0.3538000019034371,0.0
42200000042,nearest_neighbor_2opt,5.561041082583908,True,3,0.5454000056488439,4.309017322501771
42200000042,initial_policy,4.984189265361927,True,3,43.736199993873015,14.235129435240168
42200000042,gnn_reinforce,4.277500316237041,True,3,43.57490000256803,26.395399245307434
42200000042,gnn_reinforce_2opt,4.1924744597244805,True,3,43.78420001012273,27.85847201205319
42200000043,nearest_neighbor,5.384125500273564,True,3,0.3496999997878447,0.0
42200000043,nearest_neighbor_2opt,5.050244570128022,True,3,0.5581000004895031,6.2012100224739815
42200000043,initial_policy,5.332236458312206,True,3,42.76599999866448,0.9637413161844308
42200000043,gnn_reinforce,4.104969978487642,True,3,43.418999994173646,23.75790686381529
42200000043,gnn_reinforce_2opt,4.080884189766429,True,3,43.615399990812875,24.205255067715594
42200000044,nearest_neighbor,6.149256386983072,True,4,0.38779999886173755,0.0
42200000044,nearest_neighbor_2opt,5.888106097953227,True,4,0.5840999947395176,4.24685966229437
42200000044,initial_policy,6.149256386983072,True,4,43.279600009555,0.0
42200000044,gnn_reinforce,5.250724313197701,True,4,43.130100006237626,14.612044404058521
42200000044,gnn_reinforce_2opt,5.072334985807543,True,4,43.36580001108814,17.513034640337782
42200000045,nearest_neighbor,5.632270657471901,True,3,0.38779999886173755,0.0
42200000045,nearest_neighbor_2opt,5.172550364080642,True,3,0.598999991780147,8.16225500067869
42200000045,initial_policy,4.681196384877027,True,4,43.96840000117663,16.886160670087058
42200000045,gnn_reinforce,4.238356031680767,True,5,42.41899999033194,24.74871522628151
42200000045,gnn_reinforce_2opt,4.233743086314981,True,5,42.6275999925565,24.83061728046752
42200000046,nearest_neighbor,5.64563039754991,True,3,0.3581000055419281,0.0
42200000046,nearest_neighbor_2opt,5.635789436564229,True,3,0.549100004718639,0.17431110952554846
42200000046,initial_policy,5.64563039754991,True,3,43.98109999601729,0.0
42200000046,gnn_reinforce,4.811648320348422,True,4,47.19320000731386,14.77216924372908
42200000046,gnn_reinforce_2opt,4.745744354379582,True,4,47.40580001089256,15.939513921436665
42200000047,nearest_neighbor,5.363792025848335,True,3,0.3539000026648864,0.0
42200000047,nearest_neighbor_2opt,4.9339139045060225,True,3,0.5578999989666045,8.01444424524128
42200000047,initial_policy,4.740252817296196,True,3,47.33819999091793,11.624969900907379
42200000047,gnn_reinforce,4.965725774280238,True,3,48.40100000728853,7.421358800822241
42200000047,gnn_reinforce_2opt,4.965725774280238,True,3,48.586300006718375,7.421358800822241
42200000048,nearest_neighbor,5.713832619765837,True,2,0.38690000656060874,0.0
42200000048,nearest_neighbor_2opt,5.211226108935618,True,2,0.6252000166568905,8.796311412615669
42200000048,initial_policy,5.815694146866404,True,2,51.24950000026729,-1.7827180787235177
42200000048,gnn_reinforce,5.369879583287711,True,3,44.928699993761256,6.019655446123693
42200000048,gnn_reinforce_2opt,5.369879583287711,True,3,45.117899993783794,6.019655446123693
42200000049,nearest_neighbor,5.256793376005624,True,3,0.35939998633693904,0.0
42200000049,nearest_neighbor_2opt,5.204388733037024,True,3,0.5490999901667237,0.9968937186650456
42200000049,initial_policy,5.030778661415328,True,4,43.59699999622535,4.299478758703538
42200000049,gnn_reinforce,5.0793685997424465,True,4,42.98550001112744,3.3751521806625355
42200000049,gnn_reinforce_2opt,4.749375443320203,True,4,43.188800002099015,9.65261322618281
42200000050,nearest_neighbor,5.941431672771422,True,3,0.3476999991107732,0.0
42200000050,nearest_neighbor_2opt,5.794936691996416,True,3,0.53039999329485,2.4656511905433236
42200000050,initial_policy,5.941431672771422,True,3,42.10409999359399,0.0
42200000050,gnn_reinforce,5.417943281975159,True,3,43.960000009974465,8.810812269293985
42200000050,gnn_reinforce_2opt,5.307113748466709,True,3,44.15710001194384,10.676179736471346
42200000051,nearest_neighbor,5.819832785005568,True,3,0.38949999725446105,0.0
42200000051,nearest_neighbor_2opt,5.670514841364747,True,3,0.5865999992238358,2.5656741208360776
42200000051,initial_policy,5.819832785005568,True,3,42.796000008820556,0.0
42200000051,gnn_reinforce,5.157287178382305,True,3,42.5359000073513,11.3842722136325
42200000051,gnn_reinforce_2opt,5.120348478307583,True,3,42.735300012282096,12.018976017664329
42200000052,nearest_neighbor,5.954662635343071,True,3,0.35519999801181257,0.0
42200000052,nearest_neighbor_2opt,5.596749508721748,True,3,0.5445999995572492,6.0106365135949025
42200000052,initial_policy,5.954662635343071,True,3,44.3537999963155,0.0
42200000052,gnn_reinforce,5.529388249614326,True,4,42.364399996586144,7.1418720383013605
42200000052,gnn_reinforce_2opt,5.529388249614326,True,4,42.56689999601804,7.1418720383013605
42200000053,nearest_neighbor,4.917508141757326,True,4,0.382099999114871,0.0
42200000053,nearest_neighbor_2opt,4.744702888033854,True,4,0.5778000049758703,3.5140817003653813
42200000053,initial_policy,4.946793282662008,True,4,43.30810000828933,-0.595528061377383
42200000053,gnn_reinforce,6.072428469588231,True,6,42.90230000333395,-23.485885422818676
42200000053,gnn_reinforce_2opt,5.919671907900413,True,6,43.14320000412408,-20.37950395309265
42200000054,nearest_neighbor,5.769578185111395,True,3,0.3654000029200688,0.0
42200000054,nearest_neighbor_2opt,5.333917357306946,True,3,0.6174000154715031,7.550999636831111
42200000054,initial_policy,5.779097706688473,True,4,45.54669999924954,-0.16499510486995292
42200000054,gnn_reinforce,4.546594559597748,True,3,44.54890001215972,21.197106378930783
42200000054,gnn_reinforce_2opt,4.4753719341076375,True,3,44.75890001049265,22.431557550316302
42200000055,nearest_neighbor,6.767963380387757,True,3,0.35820000630337745,0.0
42200000055,nearest_neighbor_2opt,6.176189708668163,True,3,0.5804999964311719,8.74374813307115
42200000055,initial_policy,5.963807584088347,True,3,44.7991999972146,11.881798867731725
42200000055,gnn_reinforce,6.100223518689432,True,3,42.81839999021031,9.866186091273864
42200000055,gnn_reinforce_2opt,5.639731894670297,True,3,43.030199987697415,16.670177161224828
42200000056,nearest_neighbor,4.127376628825888,True,2,0.374700000975281,0.0
42200000056,nearest_neighbor_2opt,4.127376628825888,True,2,0.545499991858378,0.0
42200000056,initial_policy,4.127376628825888,True,2,43.28749999694992,0.0
42200000056,gnn_reinforce,4.498386215032998,True,2,43.74880000250414,-8.98899275670537
42200000056,gnn_reinforce_2opt,3.9984902730384007,True,2,43.99490001378581,3.1227185541376614
42200000057,nearest_neighbor,6.044040578482452,True,3,0.36979999276809394,0.0
42200000057,nearest_neighbor_2opt,5.927756980523171,True,3,0.5673999839928001,1.9239380750232822
42200000057,initial_policy,6.088647557240865,True,4,42.526399993221276,-0.7380324168772028
42200000057,gnn_reinforce,6.224388634973183,True,4,44.415500000468455,-2.983898836364411
42200000057,gnn_reinforce_2opt,6.066545046001387,True,4,44.645999994827434,-0.37234143660540514
42200000058,nearest_neighbor,5.759857223142633,True,3,0.37199999496806413,0.0
42200000058,nearest_neighbor_2opt,5.759857223142633,True,3,0.5513999931281433,0.0
42200000058,initial_policy,5.759857223142633,True,3,43.85519999777898,0.0
42200000058,gnn_reinforce,5.464359012627786,True,3,43.21150000032503,5.130304434067553
42200000058,gnn_reinforce_2opt,5.239638560583299,True,3,43.42020000331104,9.031797879800521
42200000059,nearest_neighbor,5.040652762872614,True,3,0.3696000057971105,0.0
42200000059,nearest_neighbor_2opt,4.932538481905585,True,3,0.5727000097976997,2.1448468294296004
42200000059,initial_policy,4.585034131550555,True,3,44.07040000660345,9.038881524987387
42200000059,gnn_reinforce,3.9438683286113783,True,4,44.2890999984229,21.75877779837764
42200000059,gnn_reinforce_2opt,3.5490101059869725,True,4,44.5216999942204,29.592251778826558
42200000060,nearest_neighbor,5.1789254664135,True,3,0.3556000010576099,0.0
42200000060,nearest_neighbor_2opt,4.991118115237443,True,3,0.5566999898292124,3.6263767917501504
42200000060,initial_policy,5.1789254664135,True,3,45.178599990322255,0.0
42200000060,gnn_reinforce,4.397137811523935,True,4,44.20040000695735,15.095557176090573
42200000060,gnn_reinforce_2opt,4.267291659198494,True,4,44.4133000128204,17.602759744799513
42200000061,nearest_neighbor,5.595425694089771,True,3,0.3580999909900129,0.0
42200000061,nearest_neighbor_2opt,5.570826237312216,True,3,0.5514999938895926,0.43963512559085804
42200000061,initial_policy,4.770229103555324,True,3,43.74680000182707,14.747699918633
42200000061,gnn_reinforce,4.408146530501199,True,4,44.08379999222234,21.218745963200774
42200000061,gnn_reinforce_2opt,4.165456936149922,True,4,44.29889998573344,25.556031589343938
42200000062,nearest_neighbor,5.8311370257066395,True,4,0.3988999960711226,0.0
42200000062,nearest_neighbor_2opt,5.5755226751556535,True,4,0.6012000085320324,4.383610767918967
42200000062,initial_policy,6.395281709737193,True,4,43.6139999947045,-9.674694344233636
42200000062,gnn_reinforce,5.2294003615209546,True,4,43.61140000401065,10.319371016886096
42200000062,gnn_reinforce_2opt,5.191988938820071,True,4,43.81909999938216,10.960951253055388
42200000063,nearest_neighbor,6.891058506968658,True,4,0.3693000035127625,0.0
42200000063,nearest_neighbor_2opt,6.711147631627969,True,4,0.5572999943979084,2.6107872275174047
42200000063,initial_policy,7.024740864953321,True,5,43.47950000374112,-1.9399393844860686
42200000063,gnn_reinforce,5.984828082104868,True,4,43.50130000966601,13.150816002321774
42200000063,gnn_reinforce_2opt,5.910344158162521,True,4,43.71300000639167,14.23169383650392
42200000064,nearest_neighbor,6.151707285511271,True,3,0.36020000698044896,0.0
42200000064,nearest_neighbor_2opt,5.849649195212711,True,3,0.5606000049738213,4.910150569257056
42200000064,initial_policy,6.151707285511271,True,3,42.950199989718385,0.0
42200000064,gnn_reinforce,5.619533368218856,True,5,43.27660000126343,8.650832892290088
42200000064,gnn_reinforce_2opt,5.342152146044763,True,5,43.50690000865143,13.159844932368639
42200000065,nearest_neighbor,5.824285766885518,True,3,0.37799999699927866,0.0
42200000065,nearest_neighbor_2opt,5.477186104791105,True,3,0.6458999996539205,5.959523210002475
42200000065,initial_policy,5.61413638721376,True,3,43.23650000151247,3.60815708711583
42200000065,gnn_reinforce,6.261358308748195,True,4,43.37349999696016,-7.504311418709756
42200000065,gnn_reinforce_2opt,6.187733639815325,True,4,43.586599989794195,-6.240213606897878
42200000066,nearest_neighbor,4.7275004130313585,True,3,0.371000001905486,0.0
42200000066,nearest_neighbor_2opt,4.6977445455978595,True,3,0.5702999915229157,0.6294207262568806
42200000066,initial_policy,4.7275004130313585,True,3,44.7198999900138,0.0
42200000066,gnn_reinforce,4.339667328713625,True,4,43.67179999826476,8.203766270409444
42200000066,gnn_reinforce_2opt,4.339667328713625,True,4,43.88460000336636,8.203766270409444
42200000067,nearest_neighbor,5.498680342361818,True,2,0.3684999974211678,0.0
42200000067,nearest_neighbor_2opt,4.996055194203783,True,2,0.5859999946551397,9.140832288173083
42200000067,initial_policy,4.790277953841459,True,2,43.7305999948876,12.883134577997367
42200000067,gnn_reinforce,5.2484274881212585,True,3,43.38129999814555,4.5511438865178695
42200000067,gnn_reinforce_2opt,5.059661565951254,True,3,43.582199985394254,7.984075252172139
42200000068,nearest_neighbor,5.025747466163191,True,3,0.3715999919222668,0.0
42200000068,nearest_neighbor_2opt,5.025747466163191,True,3,0.5464999849209562,0.0
42200000068,initial_policy,5.025747466163191,True,3,42.666599998483434,0.0
42200000068,gnn_reinforce,4.815894206446048,True,4,43.51689999748487,4.175563160107429
42200000068,gnn_reinforce_2opt,4.815894206446048,True,4,43.71480000554584,4.175563160107429
42200000069,nearest_neighbor,6.932991911090991,True,3,0.37519999023061246,0.0
42200000069,nearest_neighbor_2opt,6.836563977940567,True,3,0.5818999925395474,1.3908559881076024
42200000069,initial_policy,5.496643162508887,True,3,44.84980000415817,20.717588697663395
42200000069,gnn_reinforce,5.09422232113463,True,6,43.60389999055769,26.522021279367227
42200000069,gnn_reinforce_2opt,4.9896244505521645,True,6,43.841199978487566,28.030718706449697
42200000070,nearest_neighbor,5.987563586261347,True,3,0.3504000051179901,0.0
42200000070,nearest_neighbor_2opt,5.70956199754556,True,3,0.5458000086946413,4.642983489205365
42200000070,initial_policy,5.987563586261347,True,3,44.11150001396891,0.0
42200000070,gnn_reinforce,5.9165964134745295,True,4,44.32010000164155,1.1852429083117166
42200000070,gnn_reinforce_2opt,5.869555319112369,True,4,44.532599989906885,1.9708895855361244
42200000071,nearest_neighbor,5.957736729002911,True,3,0.3730000025825575,0.0
42200000071,nearest_neighbor_2opt,5.608972772878487,True,3,0.578900013351813,5.85396723602443
42200000071,initial_policy,6.060081576827256,True,3,43.277500008116476,-1.717847774745041
42200000071,gnn_reinforce,5.888310295039186,True,3,44.61690000607632,1.1653155740459282
42200000071,gnn_reinforce_2opt,5.744492703972711,True,3,44.82750000897795,3.5792790908685936
42200000072,nearest_neighbor,6.61407905945946,True,4,0.36859999818261713,0.0
42200000072,nearest_neighbor_2opt,6.504418103619887,True,4,0.5601000011665747,1.6579928188601787
42200000072,initial_policy,6.8176527688519695,True,5,43.84830000344664,-3.077884427482892
42200000072,gnn_reinforce,6.306474827598503,True,4,43.97709999466315,4.650749244084419
42200000072,gnn_reinforce_2opt,6.304708775681375,True,4,44.178600001032464,4.677450647276787
42200000073,nearest_neighbor,7.065586522315883,True,4,0.3947000077459961,0.0
42200000073,nearest_neighbor_2opt,6.795183002325551,True,4,0.5858000076841563,3.827049872452792
42200000073,initial_policy,7.065586522315883,True,4,43.55319999740459,0.0
42200000073,gnn_reinforce,5.636175151975253,True,4,43.27339999144897,20.23061165305937
42200000073,gnn_reinforce_2opt,5.516319689491382,True,4,43.48409999511205,21.926938803046433
42200000074,nearest_neighbor,5.729487823613754,True,3,0.3549999964889139,0.0
42200000074,nearest_neighbor_2opt,5.729487823613754,True,3,0.5338999908417463,0.0
42200000074,initial_policy,5.384590349915646,True,3,43.815500001073815,6.019691189090809
42200000074,gnn_reinforce,4.657151963324829,True,3,43.83179999422282,18.716085857960195
42200000074,gnn_reinforce_2opt,4.545705930569413,True,3,44.026499992469326,20.66121666522183
42200000075,nearest_neighbor,6.220453305658449,True,3,0.3630999999586493,0.0
42200000075,nearest_neighbor_2opt,5.6953370688555625,True,3,0.5717000021832064,8.441768003068415
42200000075,initial_policy,6.220453305658449,True,3,44.32919999817386,0.0
42200000075,gnn_reinforce,5.394880037960177,True,3,43.73400000622496,13.271914877124587
42200000075,gnn_reinforce_2opt,5.021759692480908,True,3,43.94410000531934,19.27019711066952
42200000076,nearest_neighbor,5.717595678695678,True,3,0.39000000106170774,0.0
42200000076,nearest_neighbor_2opt,5.4414497181495936,True,3,0.5983000010019168,4.829756703067183
42200000076,initial_policy,4.68937737262758,True,3,43.63460000604391,17.983403581672277
42200000076,gnn_reinforce,5.112488748785552,True,3,43.37349999696016,10.583240996994833
42200000076,gnn_reinforce_2opt,4.761382587797732,True,3,43.58739999588579,16.724041793666697
42200000077,nearest_neighbor,4.645467936970564,True,3,0.3721999964909628,0.0
42200000077,nearest_neighbor_2opt,4.276584990658522,True,3,0.5742000066675246,7.940705894799497
42200000077,initial_policy,5.405297356114037,True,4,44.85500000009779,-16.35635913222938
42200000077,gnn_reinforce,4.388977548931191,True,3,43.96100000303704,5.521303591358715
42200000077,gnn_reinforce_2opt,4.276584990658523,True,3,44.16710000077728,7.940705894799478
42200000078,nearest_neighbor,4.259144639766887,True,3,0.3622000076575205,0.0
42200000078,nearest_neighbor_2opt,4.103158866925765,True,3,0.5550000059884042,3.662373223597767
42200000078,initial_policy,4.259144639766887,True,3,44.43589999573305,0.0
42200000078,gnn_reinforce,4.382705143521862,True,4,44.35219999868423,-2.9010638098859616
42200000078,gnn_reinforce_2opt,4.254068644105409,True,4,44.565300006070174,0.1191787574923788
42200000079,nearest_neighbor,4.964253363456319,True,3,0.3761999978451058,0.0
42200000079,nearest_neighbor_2opt,4.964253363456319,True,3,0.5497999954968691,0.0
42200000079,initial_policy,5.6073096579267325,True,3,44.119900005171075,-12.953736390736742
42200000079,gnn_reinforce,4.641449855611396,True,4,43.66110000410117,6.502559080106536
42200000079,gnn_reinforce_2opt,4.620073926266971,True,4,43.871000001672655,6.933156146359851
42200000080,nearest_neighbor,5.7639032292430326,True,3,0.375000003259629,0.0
42200000080,nearest_neighbor_2opt,5.6548054729925115,True,3,0.566999995498918,1.8927756402469789
42200000080,initial_policy,4.946062000656009,True,3,43.76359999878332,14.18901733876663
42200000080,gnn_reinforce,5.977406040551703,True,4,43.60580000502523,-3.7041359442932427
42200000080,gnn_reinforce_2opt,5.977406040551703,True,4,43.81450000801124,-3.7041359442932427
42200000081,nearest_neighbor,6.836605247993561,True,3,0.3671999875223264,0.0
42200000081,nearest_neighbor_2opt,5.915949013660623,True,3,0.5644999910145998,13.466570043708996
42200000081,initial_policy,5.969568303119827,True,4,43.65690000122413,12.682273049598653
42200000081,gnn_reinforce,5.297803878851023,True,4,44.17239999747835,22.50826709051474
42200000081,gnn_reinforce_2opt,5.0519722568744045,True,4,44.38479999953415,26.1040812857071
42200000082,nearest_neighbor,4.405999300751277,True,3,0.36580000596586615,0.0
42200000082,nearest_neighbor_2opt,4.364077597171937,True,3,0.5540999991353601,0.9514686843502639
42200000082,initial_policy,4.405999300751277,True,3,44.53890000877436,0.0
42200000082,gnn_reinforce,4.089327050683156,True,4,48.15030000463594,7.1872968752882915
42200000082,gnn_reinforce_2opt,4.047954227065805,True,4,48.358300016843714,8.126308000648583
42200000083,nearest_neighbor,5.659281177095944,True,4,0.3691000019898638,0.0
42200000083,nearest_neighbor_2opt,5.436293264060611,True,4,0.5819000070914626,3.9402161874868966
42200000083,initial_policy,5.659281177095944,True,4,48.35840000305325,0.0
42200000083,gnn_reinforce,4.762405695109887,True,4,48.010500002419576,15.847869259719094
42200000083,gnn_reinforce_2opt,4.68893304342782,True,4,48.21259999880567,17.146137527064127
42200000084,nearest_neighbor,5.311504942463007,True,3,0.36979999276809394,0.0
42200000084,nearest_neighbor_2opt,5.145845487784494,True,3,0.6176999886520207,3.1188797990969213
42200000084,initial_policy,5.311504942463007,True,3,50.96619999676477,0.0
42200000084,gnn_reinforce,4.6421914698791955,True,3,43.15340000903234,12.601202104378414
42200000084,gnn_reinforce_2opt,4.533079728206408,True,3,43.35080001328606,14.65545495464859
42200000085,nearest_neighbor,4.805818806116367,True,3,0.3687999997055158,0.0
42200000085,nearest_neighbor_2opt,4.709112092150521,True,3,0.5704999930458143,2.012283814004121
42200000085,initial_policy,4.805818806116367,True,3,43.81479999574367,0.0
42200000085,gnn_reinforce,4.618278172468269,True,3,43.53809999884106,3.9023658863171202
42200000085,gnn_reinforce_2opt,4.6051227279409765,True,3,43.741500005126,4.176105805736255
42200000086,nearest_neighbor,6.715989413372161,True,3,0.36779999209102243,0.0
42200000086,nearest_neighbor_2opt,6.402076354939632,True,3,0.5615999834844843,4.674114849071966
42200000086,initial_policy,7.278288721379254,True,3,42.789400002220646,-8.37254607470796
42200000086,gnn_reinforce,5.708897851709815,True,4,42.99289999471512,14.995431047838354
42200000086,gnn_reinforce_2opt,5.46207202859917,True,4,43.19979999854695,18.670627774908702
42200000087,nearest_neighbor,4.3955162770847025,True,2,0.3761999978451058,0.0
42200000087,nearest_neighbor_2opt,4.113236168678093,True,2,0.5784999957541004,6.422001207872436
42200000087,initial_policy,4.3955162770847025,True,2,43.57449999952223,0.0
42200000087,gnn_reinforce,4.6124394500811325,True,4,43.95539998949971,-4.935101119459462
42200000087,gnn_reinforce_2opt,4.604331249015952,True,4,44.18189998250455,-4.750635847258077
42200000088,nearest_neighbor,5.746237607505574,True,3,0.3648999991128221,0.0
42200000088,nearest_neighbor_2opt,5.699096545199451,True,3,0.5418000073404983,0.8203813612675619
42200000088,initial_policy,5.765847091757948,True,4,42.65350000059698,-0.3412578036585336
42200000088,gnn_reinforce,4.1414867066227945,True,4,43.34670001117047,27.926984759326672
42200000088,gnn_reinforce_2opt,4.083784199392146,True,4,43.56980000738986,28.931163687731566
42200000089,nearest_neighbor,8.004840850976723,True,3,0.3459000145085156,0.0
42200000089,nearest_neighbor_2opt,7.030309010758851,True,3,0.5534000229090452,12.174281267552793
42200000089,initial_policy,7.481825455172716,True,4,42.7890999999363,6.533738840544104
42200000089,gnn_reinforce,6.123168283358325,True,3,42.7608999889344,23.50668305152879
42200000089,gnn_reinforce_2opt,5.760362940053062,True,3,42.96959997736849,28.039007304558694
42200000090,nearest_neighbor,5.858563769054797,True,3,0.34779999987222254,0.0
42200000090,nearest_neighbor_2opt,5.7248510068032274,True,3,0.5758999905083328,2.282347133573017
42200000090,initial_policy,5.858563769054797,True,3,44.10040000220761,0.0
42200000090,gnn_reinforce,4.968942061187689,True,4,43.57290000189096,15.18497950924646
42200000090,gnn_reinforce_2opt,4.847376246758152,True,4,43.78390000783838,17.259990027552206
42200000091,nearest_neighbor,5.4608407120134865,True,3,0.3733000048669055,0.0
42200000091,nearest_neighbor_2opt,5.335284757346257,True,3,0.575300000491552,2.299205585524851
42200000091,initial_policy,5.4608407120134865,True,3,58.2122000050731,0.0
42200000091,gnn_reinforce,4.938161063261048,True,4,50.53100000077393,9.571413566460162
42200000091,gnn_reinforce_2opt,4.938161063261048,True,4,50.73719999927562,9.571413566460162
42200000092,nearest_neighbor,4.7387371051056935,True,3,0.47310000809375197,0.0
42200000092,nearest_neighbor_2opt,4.7238035895677655,True,3,0.688100015395321,0.31513703349016886
42200000092,initial_policy,4.7387371051056935,True,3,43.177100000320934,0.0
42200000092,gnn_reinforce,3.9814092765261457,True,3,43.40169999341015,15.981638393984218
42200000092,gnn_reinforce_2opt,3.824829208443712,True,3,43.61949999292847,19.28589572266634
42200000093,nearest_neighbor,4.757559465153072,True,3,0.38520000816788524,0.0
42200000093,nearest_neighbor_2opt,4.387150658843316,True,3,0.5787000118289143,7.785689470049292
42200000093,initial_policy,4.757559465153072,True,3,44.23509999469388,0.0
42200000093,gnn_reinforce,4.510977604573787,True,4,43.88769999786746,5.182948576583929
42200000093,gnn_reinforce_2opt,4.49589326479637,True,4,44.100700004491955,5.500009033482105
42200000094,nearest_neighbor,7.242102840573672,True,3,0.3848000051220879,0.0
42200000094,nearest_neighbor_2opt,6.555357167532594,True,3,0.5778000049758703,9.482683250417342
42200000094,initial_policy,6.877771048063549,True,3,43.14389999490231,5.030745910828067
42200000094,gnn_reinforce,5.761877851287582,True,4,43.74179999285843,20.439160032265388
42200000094,gnn_reinforce_2opt,5.648817660437591,True,4,43.948699996690266,22.000311445589347
42200000095,nearest_neighbor,4.37737310634604,True,2,0.3718999942066148,0.0
42200000095,nearest_neighbor_2opt,4.040779994595922,True,2,0.5544000014197081,7.689385930163155
42200000095,initial_policy,4.37737310634604,True,2,46.70379999151919,0.0
42200000095,gnn_reinforce,4.305097459625015,True,2,46.16379999788478,1.6511191750194636
42200000095,gnn_reinforce_2opt,4.227917715175936,True,2,46.37989999901038,3.4142712430300484
42200000096,nearest_neighbor,5.370265852107908,True,3,0.37879998853895813,0.0
42200000096,nearest_neighbor_2opt,5.3421489327902245,True,3,0.5605999904219061,0.5235666183387703
42200000096,initial_policy,5.7292171227854265,True,3,44.73139999026898,-6.684050297745041
42200000096,gnn_reinforce,5.257452018305601,True,4,44.691200004308484,2.1007122721499027
42200000096,gnn_reinforce_2opt,5.257452018305601,True,4,44.89219999231864,2.1007122721499027
42200000097,nearest_neighbor,6.3827371819722565,True,3,0.36099999852012843,0.0
42200000097,nearest_neighbor_2opt,5.964260991144703,True,3,0.5556000105571002,6.556375092640824
42200000097,initial_policy,6.4231979291841395,True,4,44.80699999839999,-0.6339090277156088
42200000097,gnn_reinforce,4.699161284590015,True,3,44.5470000122441,26.37702053810743
42200000097,gnn_reinforce_2opt,4.682624731542714,True,3,44.74320000736043,26.636103006582047
42200000098,nearest_neighbor,5.755697488721307,True,3,0.37290000182110816,0.0
42200000098,nearest_neighbor_2opt,5.237750690003908,True,3,0.5945000011706725,8.998853739835205
42200000098,initial_policy,5.755697488721307,True,3,43.37320000922773,0.0
42200000098,gnn_reinforce,4.397828448811447,True,3,43.35129998798948,23.591737449209223
42200000098,gnn_reinforce_2opt,4.17879986248473,True,3,43.55129999748897,27.39715958537812
42200000099,nearest_neighbor,6.183998821211032,True,3,0.36869999894406646,0.0
42200000099,nearest_neighbor_2opt,5.743093095679149,True,3,0.603899999987334,7.129783466639461
42200000099,initial_policy,6.18734612154622,True,4,44.45030000351835,-0.05412841159843696
42200000099,gnn_reinforce,5.742122307904616,True,3,43.98159999982454,7.145481848909579
42200000099,gnn_reinforce_2opt,5.389123778147351,True,3,44.19970000162721,12.853738592854693
42200000100,nearest_neighbor,4.551573697165219,True,3,0.37349999183788896,0.0
42200000100,nearest_neighbor_2opt,4.411070442849603,True,3,0.562399989576079,3.0869159474035035
42200000100,initial_policy,5.691976375617894,True,3,43.26079999736976,-25.055129375647205
42200000100,gnn_reinforce,3.7988285706382374,True,3,43.54080000484828,16.53812893320395
42200000100,gnn_reinforce_2opt,3.7120670988275104,True,3,43.74449999886565,18.444315179617213
42200000101,nearest_neighbor,5.148486476538935,True,3,0.3527000080794096,0.0
42200000101,nearest_neighbor_2opt,4.844320855497776,True,3,0.5561000143643469,5.907864814780155
42200000101,initial_policy,4.940123885517764,True,3,44.14089999045245,4.047064937834747
42200000101,gnn_reinforce,4.543894372867827,True,4,43.36939999484457,11.743103656310737
42200000101,gnn_reinforce_2opt,4.530778198450991,True,4,43.57309998886194,11.997861524989322
42200000102,nearest_neighbor,6.476003568841909,True,3,0.3761000116355717,0.0
42200000102,nearest_neighbor_2opt,6.476003568841909,True,3,0.5532000213861465,0.0
42200000102,initial_policy,6.476003568841909,True,3,44.72689999965951,0.0
42200000102,gnn_reinforce,5.6622062910481805,True,4,43.805900000734255,12.566350051274885
42200000102,gnn_reinforce_2opt,5.6622062910481805,True,4,44.0080999978818,12.566350051274885
42200000103,nearest_neighbor,5.915862356053992,True,3,0.3594999870983884,0.0
42200000103,nearest_neighbor_2opt,5.481715226680186,True,3,0.5625999910989776,7.338695582217563
42200000103,initial_policy,4.858814334921966,True,4,43.40999999840278,17.868029333885648
42200000103,gnn_reinforce,4.255822411841854,True,3,43.32159999466967,28.060827725535866
42200000103,gnn_reinforce_2opt,4.072298774368224,True,3,43.52229999494739,31.1630573993859
42200000104,nearest_neighbor,6.278305163013088,True,3,0.38189999759197235,0.0
42200000104,nearest_neighbor_2opt,5.954621405419062,True,3,0.5750999989686534,5.155591344952771
42200000104,initial_policy,6.317655263964458,True,4,43.697000000975095,-0.6267631140835591
42200000104,gnn_reinforce,5.5066044905322755,True,4,42.66460001235828,12.291544492406567
42200000104,gnn_reinforce_2opt,5.34659312497968,True,4,42.88090001500677,14.840183996189504
42200000105,nearest_neighbor,4.466082614123244,True,3,0.3699999942909926,0.0
42200000105,nearest_neighbor_2opt,4.344513478491934,True,3,0.5730999982915819,2.7220529966657487
42200000105,initial_policy,5.432864722931821,True,3,43.82519998762291,-21.647206116413738
42200000105,gnn_reinforce,4.042100033330622,True,4,44.151000009151176,9.493388667998374
42200000105,gnn_reinforce_2opt,3.830531009565921,True,4,44.37060000782367,14.230628035126276
42200000106,nearest_neighbor,5.649564099039152,True,3,0.3837999975075945,0.0
42200000106,nearest_neighbor_2opt,5.3019588546921925,True,3,0.5994000093778595,6.152779900418833
42200000106,initial_policy,5.716911882558653,True,4,43.56530000222847,-1.1920881388168638
42200000106,gnn_reinforce,4.87487638723182,True,3,44.073200013372116,13.712344850447598
42200000106,gnn_reinforce_2opt,4.54819113103741,True,3,44.29030000756029,19.494830905433165
42200000107,nearest_neighbor,7.591814759872529,True,3,0.35319999733474106,0.0
42200000107,nearest_neighbor_2opt,7.22043440038518,True,3,0.5380000075092539,4.891852228143463
42200000107,initial_policy,6.957556142259574,True,3,43.3840999903623,8.354505973530946
42200000107,gnn_reinforce,6.885788553830003,True,4,44.84980000415817,9.299834471387713
42200000107,gnn_reinforce_2opt,6.839814319492265,True,4,45.072500011883676,9.905410816331486
42200000108,nearest_neighbor,5.5054088307722795,True,3,0.3924000047845766,0.0
42200000108,nearest_neighbor_2opt,5.47703086647685,True,3,0.5882999976165593,0.5154560754291593
42200000108,initial_policy,5.5054088307722795,True,3,43.905300000915304,0.0
42200000108,gnn_reinforce,5.690655922245515,True,3,53.66920000233222,-3.3648198919906513
42200000108,gnn_reinforce_2opt,5.546624504002533,True,3,53.9161999913631,-0.7486396468847076
42200000109,nearest_neighbor,6.290370923311055,True,3,0.3690000012284145,0.0
42200000109,nearest_neighbor_2opt,5.991983012990353,True,3,0.5844999977853149,4.743566221427849
42200000109,initial_policy,5.827608757015866,True,3,44.20639999443665,7.356675336588992
42200000109,gnn_reinforce,5.754233379725435,True,5,43.607400002656505,8.52314672889614
42200000109,gnn_reinforce_2opt,5.520637004335408,True,5,43.83000000962056,12.236701592956035
42200000110,nearest_neighbor,5.213003336842772,True,3,0.35110001044813544,0.0
42200000110,nearest_neighbor_2opt,5.168945325591144,True,3,0.5329000123310834,0.8451560147726912
42200000110,initial_policy,4.74266983113236,True,3,44.246499994187616,9.022313536351337
42200000110,gnn_reinforce,4.39912662345012,True,3,45.13030000089202,15.612434153659533
42200000110,gnn_reinforce_2opt,4.299906207186799,True,3,45.329600005061366,17.515759546952165
42200000111,nearest_neighbor,4.870649383146949,True,4,0.364200008334592,0.0
42200000111,nearest_neighbor_2opt,4.660181944880487,True,4,0.5660000169882551,4.3211371156114255
42200000111,initial_policy,4.870649383146949,True,4,47.51699999906123,0.0
42200000111,gnn_reinforce,4.795765882272602,True,4,66.39379999251105,1.537443880346907
42200000111,gnn_reinforce_2opt,4.702467531259018,True,4,66.61079998593777,3.4529656860512588
42200000112,nearest_neighbor,5.91305995690254,True,3,0.3580000047804788,0.0
42200000112,nearest_neighbor_2opt,5.888760638588998,True,3,0.5476000078488141,0.41094320860346256
42200000112,initial_policy,5.913749277627658,True,4,57.20409999776166,-0.011657597422351326
42200000112,gnn_reinforce,5.478401042606925,True,4,55.42379998951219,7.3508288003780695
42200000112,gnn_reinforce_2opt,5.478401042606925,True,4,55.69809998269193,7.3508288003780695
42200000113,nearest_neighbor,5.466143479244425,True,3,0.5157999985385686,0.0
42200000113,nearest_neighbor_2opt,5.456797697578844,True,3,0.7594999915454537,0.17097578395202892
42200000113,initial_policy,5.631500605982013,True,4,51.00310000125319,-3.025115007783234
42200000113,gnn_reinforce,4.744237706580677,True,4,46.98469999129884,13.206857364884543
42200000113,gnn_reinforce_2opt,4.486673479953014,True,4,47.336299991002306,17.918849057119914
42200000114,nearest_neighbor,5.261476265642076,True,3,0.3612000000430271,0.0
42200000114,nearest_neighbor_2opt,5.052399583350736,True,3,0.5658000009134412,3.9737266070481074
42200000114,initial_policy,5.31093076687265,True,4,46.728500004974194,-0.9399358418380753
42200000114,gnn_reinforce,5.017050124557503,True,3,47.21060000883881,4.645580987995676
42200000114,gnn_reinforce_2opt,4.655627757155877,True,3,47.42500001157168,11.514800749790439
42200000115,nearest_neighbor,4.805629270794166,True,3,0.38270000368356705,0.0
42200000115,nearest_neighbor_2opt,4.50240372416229,True,3,0.5591999943135306,6.309798978350358
42200000115,initial_policy,5.489659829459428,True,3,48.615699997753836,-14.233943571602651
42200000115,gnn_reinforce,5.1300190454022445,True,4,48.5286999901291,-6.750203903150239
42200000115,gnn_reinforce_2opt,4.781486856132451,True,4,48.76749998948071,0.5023778011433112
42200000116,nearest_neighbor,5.5279314058278874,True,3,0.38910000876057893,0.0
42200000116,nearest_neighbor_2opt,5.45917354012782,True,3,0.586600013775751,1.2438263186040805
42200000116,initial_policy,5.281303316724103,True,3,49.49410000699572,4.461489678467674
42200000116,gnn_reinforce,5.4845878593770205,True,4,47.8622000082396,0.7840825666753293
42200000116,gnn_reinforce_2opt,5.473860931301447,True,4,48.068500007502735,0.9781321539090773
42200000117,nearest_neighbor,5.206414782082878,True,3,0.3704999980982393,0.0
42200000117,nearest_neighbor_2opt,4.817849160841647,True,3,0.5778000049758703,7.4632090892647085
42200000117,initial_policy,5.0703607264388415,True,3,44.73649999999907,2.6132004716997757
42200000117,gnn_reinforce,4.759024628789044,True,5,43.26069999660831,8.593056297271252
42200000117,gnn_reinforce_2opt,4.751946105337512,True,5,43.48239999671932,8.729014029180963
42200000118,nearest_neighbor,6.217087857496727,True,3,0.3825000021606684,0.0
42200000118,nearest_neighbor_2opt,6.217087857496727,True,3,0.5586999905062839,0.0
42200000118,initial_policy,6.217087857496727,True,3,45.24649999802932,0.0
42200000118,gnn_reinforce,5.768189167520217,True,4,43.973299994831905,7.220401259654334
42200000118,gnn_reinforce_2opt,5.611841854619339,True,4,44.22260000137612,9.735201057961033
42200000119,nearest_neighbor,7.2335163077763305,True,3,0.3581000055419281,0.0
42200000119,nearest_neighbor_2opt,7.139329219351438,True,3,0.5440000095404685,1.3020927086821807
42200000119,initial_policy,6.36679676723885,True,3,44.52329999185167,11.98199469883991
42200000119,gnn_reinforce,6.270358524838789,True,3,43.41080000449438,13.31520856463829
42200000119,gnn_reinforce_2opt,5.6242592001795355,True,3,43.62390001188032,22.24723134814498
42200000120,nearest_neighbor,4.908226935647359,True,3,0.3584000078262761,0.0
42200000120,nearest_neighbor_2opt,4.740494464471243,True,3,0.5501999985426664,3.417374000332224
42200000120,initial_policy,4.908226935647359,True,3,43.49789999832865,0.0
42200000120,gnn_reinforce,4.430209948556946,True,4,43.739800006733276,9.739097098764555
42200000120,gnn_reinforce_2opt,4.430209948556946,True,4,43.940700008533895,9.739097098764555
42200000121,nearest_neighbor,5.8792543218672835,True,3,0.37190000875853,0.0
42200000121,nearest_neighbor_2opt,5.607947720613985,True,3,0.5720000190194696,4.614643055058899
42200000121,initial_policy,5.8984576153665405,True,4,44.716499993228354,-0.3266280458022083
42200000121,gnn_reinforce,5.4475679012710625,True,3,44.43540000647772,7.342536943683617
42200000121,gnn_reinforce_2opt,5.160374293459295,True,3,44.63840000971686,12.22740145351746
42200000122,nearest_neighbor,5.8834998582838915,True,3,0.3512000112095848,0.0
42200000122,nearest_neighbor_2opt,5.7436971105772185,True,3,0.5434000049717724,2.376183412494394
42200000122,initial_policy,5.559803287700122,True,3,43.91540000506211,5.501768987518696
42200000122,gnn_reinforce,4.203715161857212,True,3,45.412499996018596,28.550773126331677
42200000122,gnn_reinforce_2opt,4.203715161857212,True,3,45.60119999223389,28.550773126331677
42200000123,nearest_neighbor,5.074100942449851,True,3,0.3674999898066744,0.0
42200000123,nearest_neighbor_2opt,4.909114005302993,True,3,0.5594999965978786,3.251550156729827
42200000123,initial_policy,5.074100942449851,True,3,45.83170000114478,0.0
42200000123,gnn_reinforce,4.9397391201189045,True,3,44.364500005031005,2.6479926957478845
42200000123,gnn_reinforce_2opt,4.8395291758511245,True,3,44.57880000700243,4.622922745511481
42200000124,nearest_neighbor,5.410937214525188,True,3,0.37730000622104853,0.0
42200000124,nearest_neighbor_2opt,5.2176279494018205,True,3,0.58230001013726,3.5725652961643326
42200000124,initial_policy,4.673477769784741,True,3,47.226000009686686,13.629051964617183
42200000124,gnn_reinforce,4.686628343811849,True,3,44.652299999143,13.386015065356801
42200000124,gnn_reinforce_2opt,4.600858850442922,True,3,44.86270000052173,14.971128511853395
42200000125,nearest_neighbor,4.550021256138643,True,3,0.3713999903993681,0.0
42200000125,nearest_neighbor_2opt,4.505082042927473,True,3,0.5651999963447452,0.9876704015512089
42200000125,initial_policy,4.550021256138643,True,3,44.875599996885285,0.0
42200000125,gnn_reinforce,3.885674792770122,True,3,43.99740000371821,14.600952961971785
42200000125,gnn_reinforce_2opt,3.736333668142452,True,3,44.21340000408236,17.883160147843427
42200000126,nearest_neighbor,5.925338164271912,True,3,0.3656000044429675,0.0
42200000126,nearest_neighbor_2opt,5.491770006565792,True,3,0.5684999923687428,7.31718841500745
42200000126,initial_policy,5.605843435997902,True,3,43.58009999850765,5.392008344780577
42200000126,gnn_reinforce,4.974123608285929,True,4,44.73350000625942,16.053337879035052
42200000126,gnn_reinforce_2opt,4.771780591222267,True,4,44.94490001525264,19.468214995816872
42200000127,nearest_neighbor,5.740603750732655,True,3,0.35230000503361225,0.0
42200000127,nearest_neighbor_2opt,5.660596742210659,True,3,0.5481000116560608,1.3937037286676455
42200000127,initial_policy,5.604964275605207,True,3,44.81819999637082,2.3628085305511055
42200000127,gnn_reinforce,5.543859262520805,True,3,44.807300000684336,3.427243836273137
42200000127,gnn_reinforce_2opt,5.3534704460599,True,3,45.01000000163913,6.743773329126686
